{"cameraMode":{"drawMode":0,"name":"Shaded","section":"Shading Mode"},"sceneLighting":false,"audioPlay":false,"sceneViewState":{"showFog":true,"showMaterialUpdate":false,"showSkybox":false,"showFlares":true,"showImageEffects":true,"showParticleSystems":true},"in2DMode":false,"pivot":{"x":1.946402907371521,"y":0.7462939023971558,"z":-13.512590408325196},"rotation":{"x":0.059348419308662418,"y":0.0224580280482769,"z":-0.0013326221378520132,"w":0.9979957342147827},"size":0.5549510717391968,"orthographic":false}