{"cameraMode":{"drawMode":0,"name":"Shaded","section":"Shading Mode"},"sceneLighting":false,"audioPlay":false,"sceneViewState":{"showFog":true,"showMaterialUpdate":false,"showSkybox":false,"showFlares":true,"showImageEffects":true,"showParticleSystems":true},"in2DMode":false,"pivot":{"x":-2.425381660461426,"y":0.6688194274902344,"z":-13.5},"rotation":{"x":0.25493043661117556,"y":-0.6398360133171082,"z":0.23820938169956208,"w":0.6847548484802246},"size":0.5540202856063843,"orthographic":false}